"barang udah sampe sengan selamat, tapi belum di coba, semogga baik baik aja, klo normal next order",1
"thanks gak, barang sudah sampai, langsung test and cek keasliannya... ternyata beneran original bukan kawekawe. mantab lah pokoknya....",1
"Mungkin sellernya sibuk. Tapi untung jaminannya laz mall :v 100% trust... barang ok, pengiriman lumayan cepet lebih cepet dari estimasi, kurrir ramah. Dahlah itu aja;",1
"Barang berfungsi tapi suaranya jernih ketika menggunakan aplikasi perekam. Sedangkan ketika menggunakan camera, suaranya pelan tidak seperti yang saya harapkan. Tapi bagus barangnya, trims;",1
Kualitas produk sangat baik..... Produk original.....Respon penjual sangat baik.......Barang sesuai foto.....,1
maantaaaaaaaaap kualitas barangnya bagus dan keren,1
"barang sudah saya terima, dan kualitas produknya bagus banget",1
"kualitas baik, cepat sampai. konektor 6.35 tidak berfungsi kak.",1
"barang bgus,jangan ragu, semoga awet. terimakasih lazada",1
okelah keren,1
"barang sudah diterima dengan baik, packing aman, barang original, harga termurah",1
"alhamdulillah, pesanan udah sampai. kualitas produk sudah dicoba. mantap.. ",1
"terimakasih NAXEN INDONESIA g sia"" nungggu lama brg ny bgs bgt reallpictt",1
ok sesuai ..,1
"Super Duper Mic. Kualitasnya suaranya jernih, noise dari suara angin dan sumber lainnya berkurang 80%. Cocok buat rekaman vlog, youtube dan lain lain.",1
"Barang berfungsi dgn baik, sangat puas dengan produk ini. Thanks Lazada.. maju terus yah seller. Gbu",1
"Barang bagus,gk da yg rusak..berfungsi dg baik.. Hanya sj pengiriman lama..mungkin karna covid jg kali ,dan daerah sy juga jauh kalbar.. Pokonya puas pas dtg barangnya..makasih ",1
Alhamdulillah barang telah sampai dengan cepat dan aman.,1
"barang yang saya terima tidak tersegel, sudah terbuka, dosnya sudah rusak dan barcodenya tercoret",0
"Baru banget sampe lgs dibuka. Alhamdulillah lengkap, pas mau coba bingung juga pakenya gimanağŸ¤­ ada buku panduan sedikit membantu sih walaupun b.inggris. makasih seller...",1
"Paket sudah saya terima kemarin setelah 8 hari menunggu, packing baik dan kurirnya juga sopan. Microphonenya juga berfungsi dengan baik. cuma satu yang kurang, sellernya low respon.",1
Barangnya bagus sekali tapi pengirimannya agak lama ya maklumlah kan lagi korona kemarin itu saya bayarnya hari Senin Terus barangnya datangnya hari Minggu itu loh Pak Barangnya bagus banget,1
"barangnya sampe dengan slamat,dkasih bubble wrap dan berfungsi dengan baik...ga nyesel belinya..tks ",1
"mantap... barang da sampe dengan selamat, dan sudah d coba, berfungsi dengan baik, untuk pengiriman agak lama, mungkin karna covid-19 jd agak telat",1
"terimakasih barangnya sampai tepat waktu, barangnya juga bagus penbubgkusan juga rapih ngk ada yabg robek,  kualitas yang di hasilkan juga sangat bagus. ",1
Kualitas produk bagus. Kualitas suara baik dan worthy untuk seharga itu. Overall puas dengan produk ini. Pengiriman cepat. Packing bagus.,1
"terima kasih barang sampai dengan baik setelah 8 hari sesuai perkiraan, walau kardus sedikit penyok, alatnya aman, hasil perekaman sangat baik...kurirnya juga ramah..",1
Good .... Recomended seller ... Barang sesuai dan berfungsi dengan baik .. thankss lazada dan seller .. ,1
"Sudah dites, berfungsi dengan baik, pengiriman sangat cepat. Original. Tidak mengecewakan dan harga terjangkau.",1
"Barang dah sampai dengan cepat, kurir ramah dan bersahabat semoga awet dna berfungsi normal terima kasih lazada",1
"alhamdulillah barangnya sudah nyampai dengan selamat gak ada kendala barangnya suaranya mantul buat ngeyoutube terima kasih buat penjual barang,lazada dan kurirnya meskipun ada wabah gif19 masih di kirim juga semoga sehat selalu ğŸ‘ pokoknya gak nyesel beli disini ğŸ™",1
barangnya sudah sampai dengan selamat bagus juga tapi tolong buku panduan nya ada bahasa indonesia nya biar lebih mudah orang yang memasangnya. terimakasih,1
"Paket datang sesuai estimasi waktunya. Isinya lengkap sesuai deskripsi, mic nya berfungsi dengan baik. Noise handlingnya bagus yang penting deket sumber suara (2-5cm). Was a good purchase ğŸ‘",1
"barang bagus, original, sesuai deskripsi, pengiriman cepat di kondisi covid-19 gini, seller baik,, jgn sungkanÂ² beli disini",
"pengiriman cepat, packingan aman bubble, barang sesuai deskripsi ori, kualitas bagus dan berfungsi. Thanks seller and Lazada!",1
paket sudah saya terima smuanya ok banget dan berfungsi untuk yg ini saya nggk kecewa smoga terus lancar dan amanah… ,1
"Alhamdulillah, sesuai ekspektasi. jempol dah, liat hasil audio nya di channel ane, ""huda mengaji"".. jgn lupa like dan subscribe nya ;)..terima kasih dan semoga sukses.",1
Bagus. Suaranya keren ,1
"Pengiriman cepat! 2 hari langsung sampai (domisili Jakarta), dari tanggal pelunasan. Packaging rapi dan super aman, gan! dibungkus bubble wrap! Wohoo! Kondisi dan kualitas produk MANTUL! Lengkap dengan surat garansi, baterai, dan colokan tambahan untuk ke kamera DSLR. Pokoknya mah tinggal dipake doang. Barusan juga udah nyoba, hadeuuuh. GOKS, MANTUL GAN! Jernih banget! Semoga awet, yes! RECOMMENDED ITEM, MUST BUY buat yang kebelet podcast-an atau mau jadi vlogger mah. Kualitasnya sesuai harga, warbiyasak! Cakeplah pokoknya. Makasih ya Seller, Thanks Lazada, dan makasih buat kang kurir yang sabar dan tetep profesional. Ahahahha. Ahey! â¤ï¸â¤ï¸â¤ï¸",1
sangat baik dalam melayani. barang sesuai gambar ,1
UNBOXING DI CHANNEL Mbaeh Bae wkwkwkwk,1
kualitas produk sangat baik. produk original. harga produk sangat baik. kecepatan pengiriman kurang baik. ,1
"barang sudah d terima, udah di tes hasilnya cukup memuaskan walau pengiriman aga lama karna barangnya tertahan di sellernya, lain kali mohon untuk slalu mengutamakan pembeli, thanks",1
"Barang OK Banget, sudah check bisa digunakan dgn sangat baik. Semoga Awet. Pengiriman jg cepet banget nyampenya. Thanks ya Seller, Thanks Lazada",1
"Barang sudah sampai dengan selamat,packingnya jossss, rapi sekali,lapisan plastiknya luar biasa sangat menjaga barang di dalamnya. Joss lah pokoknya . Kurirnyapun sangat ramah dan baik..",1
"produk original harga oke punyaa.. makasih lazada, pengiriman oke punya juga. cuman belanja online lazada yang bisa.. ğŸ˜ğŸ˜ğŸ˜",1
mudah2an bagus ,1
"Sudah di coba dan bagus. Di pengiriman aja yang lumayan lama, 5 hari baru sampai ",1
"barang bagus, ori, dan penjualnya ramah ",1
"kirain rusak, ternyata setelah saya cari penjelasan nya di youtube.. harus download dulu aplikasi OPEN CAMERA.. karna tdk semua HP suport utk BOYA ini.. ternyata suara nya jadi clear.. dan bagus sekali.. sampe saya beli 2. ini yg selama ini ku cari, apa yg bagus utk nge Vlog.. Top pokonya. ",1
"Kualitas barang B+ : dicoba di smart phone jernih indoor/outdoor, sensitifitas lumayan tinggi (hati-hati suara sekeliking mudah bocor) , di laptop masih ada noise mungkin pengaruh laptop / aplikasi rekamanya, di Kamera DSLR blum nyoba,  Packing A. Komponen B+ : tempat batrei segede jempol. 
secara keseluruhan Bagus",0
"video berbicara, barang bagus saat pakai di hp, namun saat saya tes di kamera mirrorless Sony tidak berfungsi. Pengiriman agak lambat. respon sellernya kurang.",1
Walaupun pengiriman lama tapi kualitas barang dan suara emang juara. Terima kasih kurir yg tlh mengantarkan paket dgn selamat wlpn malam2. Thanks lazada. Sukses selalu untuk tokonya.,1
Bagus. Untuk HP & Laptop ga perlu pake baterai. Suara di HP jelas. Kebetulan HP support jd ga perlu pake aplikasi tambahan.,1
Pesanan sampai lebih cepat. barangnya sesuai dengan gambar dan deskripsi. Semoga penjual tetap mempertahankan sikap amanah.,1
"Unit sdh diterima sesuai jadwal. Kualitas unit msh dlm proses, kesan awal sih terlihat bhw ini bukan barang murahan atau kw, dari build quality, pouchnya dll. percobaan pertama recording di laptop worked well. Price to benefit rationya ok lah...",1
barang mendarat dengan aman,1
"sangat puas, barang sesuai orderan, sudah di coba mantul bgt. penguriman sangat cepat kurir ramah. terimakasih ",1
pilihan terbaik kalau untuk indoorrr. tapi kalau mau beli untuk outdoor  mendingan beli clip on mic yg blutooth atau wereles,1
Sudah di coba dan OK. Memang tidak bisa dipakai di semua HP karena memang ada hp yang tidak compatible dengan mic ini. Saya punya Lenovo dan Asus. Di Asus lancar tapi di Lenovo gak bisa di pakai. Bagaimanapun mic-nya OK.,1
"Kemasan bagus, tapih, cepat sampai...yg paling utama pyoduk kindisi baik, bisa di gunakan.... dan berfungis.... Tq ",1
"Alhamdulillah paket sudah datang sesuai jadwal.
Isi lengkap, berfungsi dengan baik, suara jernih.
Pokoknya recommended.
Terima kasih Lazada, Seller, Kurir.",1
Barang nya udah sampe tapi belom di buka...Semog bagus dan tak mengecewakan.. Abang kurirnya udah berlangganan.. Makasih lazada,1
"Barang lama dikirim sehingga lama sampai kpd saya, melewati estimasi waktu yg telah ditentukan di aplikasi. pelayanan sangat buruk.",0
"Barang bagus, sudah dicoba bisa untuk laptop dan smartphone. Kabelnya panjang banget. Dapat batre.
terima kasih.",1
"Produknya bagus, bekerja dengan baik tanpa download open camera. Good seller juga, sukses ya. Thanks",1
"gaperlu diragukan lagi kualitasnya, recommended seller, pengiriman tepat waktu, seller ramah, part nya lengkap tdk ada yg miss..ngga nyesel belanja di toko ini, thx lazada",1
"Bagus bgt! Buat menyiapkan konten ajar secara online, mic ini sangat membantu. Kualitas suara yang dihasilkan juga sangat memuaskan, jernih dan lumayan mampu meredam background noise di sekeliling. Thanks Lazada",1
"Barang mendarat dengan selamat, belum di coba semoga aja lancar, terima kasihğŸ˜Š",1
Kok Dateng ya kaya gitu si :'(. Bisa dituker ga ? Sedih :(,0
Terima kasih barangnya telah diterima oleh saya sendiri mas Ahmad Tohari dengan kondisi bagus. Semoga penjualnya berbahagia.,1
"barang original, mantap. respon pengiriman sedikit terlambat, tp admin merespon keluhan dengan cepat ğŸ‘ paking barang di lakukan dengan bubble wrap. paket sampai dengan selamat meski kardus sedikit penyok. overall mantap dan rekomended seller...",1
"Respon cepat, barang sesuai, kualitas bagus, pengiriman cepat, sesuai dengan harapan, recommended seller.",1
"Barang bagus bukan kaleng2,suara yg di hasilkan bagus bgt. Puas pokoknya. Buat yg gak bisa install apk  open video",1
Okeh real pict... top sellers... ğŸ‘ mantap pokoknya,1
kotaknya penyok dikit.....tapi takpe lah yang penting berfungsi,1
barang berfungsi dengan baik. makasih ğŸ™,1
"Kualitas sangat baik, tetapi pengiriman sedikit lambat mungkin karena covid 19",1
"Super barangnya suarapun jernih , packing rapih Good seller",1
barang sudah sampai kurir nya ramah dan barang nya mantul...terima kasih lazada .udah lama langganan lazada mantap.,1
"aktif di alat perekam aja, di mode video gabisa",1
Barang baru sampai siang tadi tanpa cacat tapi kok gk bisa ya? saya pakai samsung S10+. Sudah download open camera juga masih gk fungsi mic nya.,0
"alhamdulilah barang mendarat aman,, udah di coba hasil nya juga bagus suara saya yang cempreng jadi ngebas",1
"mantap.. keren lazada, udh paling murah.. paling kecil ongkirnya , very fast respon.... pengiriman cepat, padahal ke Medan, kurir juga sangat ramah dan profesional.. barqng juga aman dan sehat sekali. thanks lazada and lazada ekspres.",1
"mantaabb..barang bagus, harga cocok...pelayanan memuaskan..walapun agak lama hampir seminggu
 nyampeknya..",1
"Bagus, dan Mantafff.. Kalau bisa sih next Buy 1 Get 1 jadi lebih bagus lagi... hehehe... mantaff",1
"Terimakasih, sudah beli untuk yang kedua kalinya. mic keren, suara jernih. tapi sayang masih belum bisa konek ke amplifier ",1
Maaf baru ngasih ulasan. Mantap banget.... Sip. ,1
"luar biasa, suara mantap",1
"mantaff barangya berkah buat toko dan seller,",1
Barang yang dikirim mantap rekomendasi seluler. Sip,1
"mic nya bagus suara nya jelas kabel nya panjang 
pokonya jangan ragu buat beli mic ini",1
"Barangnya bagus,, ",1
Alhamdulillah sudah sampai suaranya jernih cocok untuk vlog ,1
barang bagus. kemasan ok. cepat datangnya.,1
"hasil rekamannya bagus.. suara jernih...
untuk pemula.. silakan pahami dulu cara kerja micnya.. ",1
"udh di tes , mantap barang nya",1
ok sangat bagus dan kabel panjang,1
"barang nya uda sampe, uda di tes hasil nya bagus",1
bagus dan sesuai barang yg di kirimkan namun jumlahnya kurang... tetapi lazada tanggung jawab sudah di ganti sama voucer... terimaksih,1
Alhamdulillah. 4 hari pesen nyampe ke Kediri (termasuk cepet). barang bagus dan mirip banget dengan punyaku yang satunya.,1
"alhamdulillah, barang sudah datang. tapi belom di coba. mudah-mudahan clip on berfungsi dengan baik",1
Mantap mas bro barang sudah sampai barusan saya tes suara ok punya pertahankan kualitas mu mas bro salam succes ,1
bagus banget mantap,1
kecewa ya  kok yg datang beda... kek mana ni... bisa di tukar lgi nggk... ,0
"barang bagus,,paket rapi,,kurir rama, recommend buat kalian,,",1
"selamat sampai di tangan, Alhamdulillah ",1
"mantap, recommended",1
Produk cepat sampai dan memuaskan. Like it. Thanks SellerğŸ‘,1
"kualitas sangat baik,pengiriman cepat,recomend",1
"barang sesuai pesanan. sudah di coba juga, oke. ",1
"suara nya klo saya full in atau 1/2 suara bunyi nging nging trus gan/sist tp bila di kecilin banget baru gk bunyi,,jadi klo saya jepit di baju suara gk sampai ,, gimana nih baik nya ?",1
Joss,1
trimakasih barang sdh sy trima sesuai pesanan.,1
barang bagus..sudah dites oke..pengiriman cepat,1
"alhamdulillah barang sesuai apa yang diharapkan..
suaranya jernih ...mantul bosss",1
"Kemasan rapi, alat belum dicoba. Ternyata ada logo boya dan hologram. Terima kasih",1
barang sudah sampai...yg nerima temen..belum di coba.trimakasih… bagu sekali,1
"mantap orii ada barcode nya, suara jelas,noise reduction pula, top dah",1
"Admin bisa di bantu,  clip on sudah saya terima tetapi tidak bisa berfungsi.",0
"paket telah sampai dengan sempurna, mantul.",1
Mantappp barang cepet sampe.. di test oke mujarap.. sesuai diskripsi..jozz,1
Alhamdulillah barang bagus sesuai keinginan,1
pengiriman agak lama,0
mantap.. respon penjual baik dan sopan. kualitas produk bagus. belanja disini ok.,1
Sesuai dengan yg digambar & keterangan ğŸ‘ğŸ»ğŸ‘ğŸ»,1
Barang sangat bagus dan Kemasannya. ,1
barangnya sampai dengan selamat.okelah pokoknya belanja disini.jangan ragu ragu yah.,1
"Good, micnya berfungsi dgn normal. semoga awet.",1
Rekomendasi,1
Puas Sekali. Produk Berkualitas Dan Original,1
mantap kak barang sesuai dgn di gambar,1
paket diterima dengan baik ğŸ‘ berfungsi sangat memuaskan.. semoga tetap jaga kualitas barangnya.. lancar jualannya.. terimakasih,1
thank's..belum diciba sih,1
"ok mantap dah ,kemasan rapi barang mulus , tapi blum di coba smoga barang nyala ",1
mantap pokoknya brgnya..ğŸ‘ real pict lah..,1
kerennn saya bisa vloging maksimal ahaha,1
"kualitas MANTUL, sesuai deskripsi, pengiriman cepat, . terimakasih",1
"mic nya bagus. sudah dicoba dihp, hasilnya bagus",1
"lumayan, terlalu sensitif sih tpi.
harus punya studio kedap suara baru oke wkwkw.",1
Berfungsi dengan baik,1
barang bagusss,1
sesuai packing rapi bermanfaat recomended pkokx terima kasih,1
"barang bagus, daya tangkap audionya jelas makasih buat yg jual. ",1
Mantep pokoknya recomended belanja disini ,1
sangat puas,1
ok kualitas nya bagus saya suka barang nya,1
"mantap bang, suaranya jernih ğŸ‘ğŸ‘ğŸ‘ğŸ‘",1
"dusnya penyok, padahal uda pakai pelastik Bible, tapi gak di lapis lagi jadi penyok dan sobek.",0
barang sudah diterima dan berfungsi dg baik,1
Happy with the quality and service. Recommended,1
"memuaskan ğŸ¤©
bintang 5 pokoknya ğŸ˜˜",1
Barang mantaap...,1
"mantap, barang bagus. Packing rapi,,, 
recomend seller. 
Terima kasih pelayanannya. ",1
Jangan ragu belanja di sini barang real pict,1
suaranya jelas dan smooth ,1
Baru smpe tadi.smga sesuai harapan,1
Puas...microphonnya peka dan suaranya mantap...recomendet,1
"bru sempet ngasih ulasan,pko nya barang OK berpungsi dengan baik Poko nya MANTTAAAAP..!",1
barangnya mantap,1
"mantap gan,barangnya ori
rekomended buat yang nyari mic disini aja",1
"sangat mantab sekaliiii..
gx ada kekurangan, PUAS.",1
Bagus banget ,1
"Barang bagus,  kemasan sip, pngiriman cepat",1
trimakasih barang bagus saya suka sekali ngak nyesel pokoknya,1
rekomended seller...ğŸ‘,1
Rekomen bgt,1
barang di terima dgn baik dan bagus,1
"Paket mulus, barang 100% original syukaaa....",1
alhamdulillah kout bagus,1
barang berfungsi dengan baik,1
barangnya bagus Peking sesuai dengan pesanan,1
mantap barang y,1
terimakasih Barang udah sampai. ,1
mantap thanks.,1
"mantap, barang ok banget",1
gimana ini barangnya g kecewa,0
"barang sudah sampai, mantap barang nya bagus",1
bagus mantap..,1
"baramg bagus sesuai deskripsi,pengiriman pun cepat,semoga awet barangnya",1
manjiw barangnya ğŸ‘ mantap pengirimannya ğŸ‘,1
micnya mantulll sesuai spesufikasi... thx lazada,1
barang ori....udh dicoba smuanya berfungsi.... mantul.....ğŸ‘ğŸ‘ğŸ‘ğŸ‘ğŸ‘ğŸ‘ğŸ‘,1
okay gan...barang udah nympek dlm kondisi super n mulus...mkcih gan,1
"Alat nya bagus,  berfungsi dengan baik",1
Pesanan barang telah diterima dan dipergunakan dengan baik. Terima kasih,1
"saya puas dengan pelayanan,barang sesuai pesanan dan kurir'y ramah",1
"barangnya bagus,gak bocor,sip deh pokonyağŸ˜",1
Barang nya lumayan bagus ,1
barang sudah diterima dengan baik.. cuma belum di coba.. semoga berfungsi ,1
"bagus, mantap",1
Barang sudah di terima.. ,1
barang sampai dg baik packing tidak rusak barang berfungsi dengan baik recomended ,1
barang sampe tepat waktu. berfungsi dengan baik. ,1
"Keren kali, barangnya aman sampai tujuan :)",1
barang good banget pas buat camera dslr kuğŸ‘ğŸ‘ğŸ‘..seller recomended memang ini,1
"cepat sampai, bagus banget nih barang",1
trmkasih.. mendarat dengan cepat.. ,1
barang sesuai sama foto dan tidak ada kerusakan,1
Barang sudah sampai namun belum saya coba semoga barang nya bagus  ,1
"Paket lengkat sudah diterima dengan kondisi baik, barang benarÂ² ori dan berfungsi dengan baik",1
"mantap puas lah dngn hrg segitu,, mantul pokoknya",1
"barang OK,, tapi tidak bisa berfungsi di hp sy",1
original kirim cepat barang bagus,1
"mantap, gak nyesel beli di toko ini. terimakasih Lazada",1
Bagus mix  .suara jernih,1
"bagus, berfungsi dengan baik",1
"Top banget deh  ,nggak nyesel ",1
Sangat puas,1
barang bagus sudah saya coba dan hasil memuaskan alhamdulillah...,1
"kualitas barang oke punya, suara jernih merekam hingga jarak 4 meter lebih ",1
"Barang cepat sampai dari estimasi, sudah di tes barang berfungsi dengan normal, mantap !! ",1
isi paket sesuai deskripsi....bisa karaokean di mobil  MANTULLLK,1
sip paket mantul,1
barang mantab broo,1
"Pokoknya bagus dehh,, cocok untuk pake karaoke di HP",1
berfungsi dengan baik thanks lazzada,1
"berfungsi dengan baik, suara jernih. puas belanja di lazada. thank you",1
pelayanan ok. kualitas barang sesuai.,1
Mantap.. Smoga awet.. ,1
cakeeeep bagus banget dah,1
sangat puas,1
BARANG BAGUS BANGET.....ANAKKU SUKA BANGET. MAKASIH BOS,1
keren sudah dites mantap recommend seller,1
"4 hari di pesan baru di proses sama penjual di bilang butuh cepat juga, tp ga di pedulikan",0
"kenapa produk nya tidak berfungsi,, sungguh sangat kecewaa",0
bagus banget  pokoknya,1
"packing rapih double bubblewrap,cuma belum ditest fungsi atau engga.",1
ok sesuai deskripsi,1
sangat sangat bagus ğŸ˜,1
suka banget sama barangnya,1
mantap gak sia2 beli disini original cuyy,1
"mantab, suara jernih rapih dan halus",1
Alhamdulillah barang sampai dengan baik hasil nya lumayan dan bagus,1
"Barang tidak sesuai dengan Yg di harapkan, nggak bisa pakai rekam suara",0
"barang datang sesuai , terimakasih bukalapak",1
Barang sudah sampai. Mantap original,1
"Terima kasih, barang sudah kami terima dengan baik.",1
berfungsi dgn baik,1
barang bagus blm dicoba mudah2 berfungsi baik TOP SELLER,1
micnya lumayan kepake . buat saya rekaman dan bikin video tutorial. ,1
oke smpai baterai gk ada cadangan y,1
"Puas dan sesuai gambar.. Mic nya jalan, kualitas suara sesuai yang di review di youtube..",1
Mantap dan insyaallah puas,1
packaging rapi...barang sesuai order....thank's lazada...thank's kurir,1
"Wuh mantaap, Bagus, Estimasimya 6 hari E 4 Hari Sudah Datang",1
barang bagus ,1
"Beli dua yang satu bagus dan berfungsi normal, tapi yang satu tidak bisa dan akhirya dikembalikan.",1
Barang diterima sesuai pesanan...,1
sangat bagus dan berfungsi untuk dipakai,1
Barang bagus masi mulus ,1
Keren. Pengiriman cepat. Barang bekerja dengan baik,1
bagus dan berfungsi dengan baik,1
udah nyampe tp blom nyoba...smoga ga sember suaranya,1
barang ok. tapi sellernya gk respon klw kita tanya. buat bahan koreksi,1
tanks barangy ok,1
"barang sdh di terima,mantap",1
mantap,1
Produk baik. Moga awet...  Tks seller N Lazada,1
"Barang sampai dengan selamat, bisa digunakan dengan baik. packing rapi. pengiriman cepet.",1
Barang sesuai dengan spek di aplikasi,1
Brgnya datang sesuai estimasi... Udah dicoba ok!! Trusted seller... Makasihhh ,1
cukup bagus barang sesuwai diskripsi..  cukup puas,1
sesuai pesanan dan berfungsi dengan baik,1
Barang Cepat sampainya. Recomended suara mantap. Kerennnnnn. Harga dengan barang cetar membahana.,1
Mantap hasilnya bikin puas,1
Barang sudah diterima dengan baik dan sudah bisa digunakan,1
"mantap, berfungsi walaupun telat 1 hari dari tgl tpi gpp",1
kata nya tahan air kedalaman 15 meter. tapi di bawa mandi uda mati jam nya nyesel beli nya gk sesuai realita nya kecewa. ,0
"Pesan jam tangan ,yg datang gatau apaan.. Mana lama bgt lagi.. 2 minggu baru dtg. Saya mau balikin !!!",0
barangnya palsu katanya sih ori dah gitu rusak pula,0
"sangat kecewa, jarum jam tidak berputar... ",0
pesen warna biru yg dtang warna item HADEEEH… kacau banget,0
"kecewa kali saat barang sampai,gk sesuwai harga sama barang ya kecewa Kalilah pokok ya",0
"jamnya tidak sesuai jelek, ringan,luntur juga alatnya buat motong tali bengkok juga",0
kata nya tahan air kedalaman 15 meter. tapi di bawa mandi uda mati jam nya nyesel beli nya gk sesuai realita nya kecewa. ,0
saya sangat kecewa saya beli jam tangan 2  setelah saya terima dan buka paket nya ternyata jam nya mati satu,0
"barangnya bagus realpict saya suka sekali sesuai yang digambar, kurirnya ramah udah langganan pesanannya lebih cepat dari tanggal yang diperkirakan... pokoknya belanja dilazada ngga mengecewakan thx buat lazadağŸ‘ğŸ‘",1
"barang sudah sampai,, packing nya rapi,jam nya bagus sesuai pesanan,cocok banget buat anak muda.ğŸ‘ğŸ‘ğŸ‘",1
mantaff ga nyesel deh sesuai pesanan jam nya digital jalan semua asli anti air mantaff deh mksaih ya ,1
"mantapp barang sesuai pesanan....kerennn,,,thx buat reseller , lazada dan kurirnya....top markotoppppppp",1
"barang bagus sesuai dengan deskripsi fungsi semua, back Stanley steel...kurir jg ramah semoga awet mksh seller dan Lazada",1
terima kasih lazada barang sudah di terima..sesuai pesanan real pick...sangat puas dengan jam nya oke cakep berkelas..mantulll dah,1
alhamdulillah barangnya sudah keterima dgn baik sesuai gambar dan memuaskan dan kurirnya ramah lagi trimakasih lazada,1
"Maaf baru kasi ulasan, jamnya bagus, keren lah, kaya barang mewah, senang dah blanja disini, suksees trusss yaaa...",1
"jos bnget, mesen siang ini bsok sing ny udh smpe. mantapğŸ‘ barang ok, kurir ramah, semoga awet …",1
brg sdh diterima... stlh 3 hari digital msh berfungsi tp kok analog jarum jamx brenti... kecewa dah,0
"Bagus.. Sesuai gambar... Awalnya binggung utk set waktunya, dihat paduan akhirnya ok.. Makasih  semuanya",1
"Kecewa pengiriman lama banget , pengiriman sebulan lebih baru sampe , giliran sampe barang nya ke gedean",0
"Pesanan lom d terima tp udh ada pemberitahuan d terima gmn sih,,,kecewa bgt brg pasti hilang d jln paling d ambil kurir tuh huhhhh",0
Barangnya sgt Berbeda dg yg sy pesan. SAYA SANGAT KECEWA!!!,0
yang di pesen apa yang datang kaya gimana.. jelek,0
sangat kecewa. pertama order di lazada. barang yg dikirim tidak sesuai pesanan. kaca nya pun lepas.,0
"jam tangan kondisi mati ,jarum gak mau jalan",0
barang sesuai pesenan baru liat di poto belum aslinya soalnya lagi di luar kota tapi pengiriman lama,0
barang nya sudah di terima tp untuk jam analog nya ga berfungsi hanya jam digital nya saja yg fungsi,0
makasih ya gan pesanan sudah sampai di tujuan dan packingnya rapi banget sama pengiriman cepat banget gan l mantep pokoke barangnya sudah jos ,1
kecewa bgt...  gk sesuai bgtz.  ktanya tas ransel tapi aslinya tas anak SD kecil bgt...  d gmbar jg ktanya gratis 2 tas selempang tp nyatanya nggak tuh cuma 1.. hati2 deh belanja dsini jgn smpe ketipu ,0
"Sangat memuaskan, Harga murah tapi barang cukup bagus, Hadiah nya juga bagus banget bahan tebal kelihatan seperti barang mahal, tidak kecewa belanja disini.. Terimakasih yaa lazada ... Mungkin lain kali mau order lagi. ",1
toko yg tdk amanah sangat2 kecewa.. tolong tas kecilnya dikirim lg...mas kurirnya baik sdh langganan tp tasnya yg sangat jelek,0
kecewa banget gak sesuai gambar.. baru kali ini saya kecewa...digambar ada tempat air minum.. yg saya terima ampun nyesel...,0
Barang Sudah Sampai Dengan Cepat..Kurir Nya Ramah Barang Ok Lah Sesuai Dengan Harga Nya..Tks Toe Tokok Nya..,0
pesanan udah sampai tapi freenya cuma satu kecewa karna tak sesuai dg iklannya..untuk lazada tolong diinformasikan lg untuk penjual yg mau kearah penipuan yg bisa merugikan pelanggan lazada oke trimakasih.,0
Barang bagus Ade aku suka terima kasih kurir udah ce'esan ,1
sedikit kecewa tasnya kecil bukan ukuran besar digambar ya lumayan besar tapi yang datangnya tas untuk anak sekolah ,0
barangnya bagus benar ada free tas kecil terimakasih lazada buat kurirnya ngk usah tanya lagi deh 10 bintang buat dia lazada sukses terus,1
"peking nya rapih tas nya sama dengan di ftonya amanah bgt, makasih lazada dan mas kurirnya. sukses trs untuk Toko nya. ",1
sangat kecewa... tipis kalau di sini itu di jual 25 rb. itu jg ngk laku. penjual tdk amanah. mungkin yg lbh mahal bonusnya x yaa.. berapa kali belanja di lazada ini bru kecewaa bangetğŸ˜©ğŸ˜©,0
"Barang sudah saya terima dengan baik, packing rapi pake dus, barang semua komplit sesuai pesanan. ",1
Barang Bagus...sesuai...kwalitas bagus pelayanan Kurir Ramah...sopan dan cepat trima kasih,1
"Bagus.., isinya jg penuh, recommended seller deh pokoknya.. terima kasih....",1
"barang sdh sy terima, bagus sesuai gambar trima ksh lazada",1
bagus bgt AQ suka semoga awet lancar agen blink ku,1
"Sesuai pesanan, hasil print nya juga bagus. Terimakasih Lazada. ",1
Alhamdulillah berfungsi dengan baik,1
"barang bagus, walaupun merk nya jd vrtec, tp mgkn itu model yg sama, aq suka, thank's lazada,kurir,barcode zone,&semua yg terlibat d dlm nya.. ",1
bagus bkerja dgn baik,1
"Barang bagus sesuai keinginan,paket kiriman cepat sampai paketnya bagus.keren lah untuk Lazada",1
barang bagus banget sesuai yang di inginkan makasih yaaağŸ˜,1
"saya merasa puas dengan kualitas barangnya.. top dah pokoknya,, tetap pertahankan, jgn sampai pelanggan kecewa.. sukses terus...ğŸ‘ğŸ‘ğŸ‘",1
"bagus, barang sudah di terima, tapi status di lazada dg jasa pemgiriman jne ""masih dalam proses pengiriman""",1
"mantap.. semuanya bagus.. langsung bisa di pake.. barang,pengemasan, waktu dan kurir mantap semua..",1
bverfungsi normal seperti biasanya thank seller dan kurir moga barangya awet amiiin,1
barang datang dg selamat packing rapi. semoga sselalu baik dan awet. ,1
barang bagus  saya senang cepet sampe,1
barang sesuai normal,1
Barang mantap sesuai harapan ğŸ‘ğŸ‘,1
barang mantap...terima kasih ,1
"barang sudah di terima, berfungsi dengan baik, pengemasan rapi..",1
alhamdulilah barang datang.a cepet dr estimasi.a .. makasih ya seller barang bagus real pict rekomen banget asli keren .. like this like this like this  ,1
"barang bagus,,,terima kasih lazada ",1
Bagus berfungsi dgn baik...,1
barangnya berpungsi dengan baik good buat lazada,1
bagus dan berfungsi dg baik..semoga awet,1
Alhamdulillah tiba dengan baik,1
"Alhamdulillah barangnya mendarat sesuai pesanan, semoga bermanfaat dan awet",1
"Makasi pesanan ny udah nyampe,saya sangat puas pesananya sesuai dngn gambar",1
mantap sampai dengan selamat.terimkasih.,1
bagus banget mkasih lazada kurir dan seller ny,1
paketnya sudah di terima dan kurirnya sangat ramah,1
mantap gan barang nya,1
besttt pelayanan bagus ,1
"alhamdulilah, brg dah sampai. barang sesuai pesanan.",1
barang rusak,0
paking rapi barang bagus,1
"Bagus kok, realpick.  Mantap",1
barang bagus normal,1
bagus bangett good job ,1
bagus brpungsi baik,1
bagus sekali barang nya mantul puas makasih lazada,1
"alhamdulilah paket sesuai yang di inginkan berfungsi dengan baik , kurir nya juga ramah .",1
Alhamdulillah barang dah sampai udh di coba hasilnya bagus ... makasih Lazada,1
kecewa...bgt...cd yg buat instal gk sama ama print nya hadeeeeh...lazadaaaa...aku kapoook,0
bagus. pengoperasiannya harus pake apk... kalau bisa langsung lebih mantaf lagi,1
memang bagus sih cuman yg di sayangkan kaset drivernya gk ad kurang lengkap jdi kita hrus cari drivernya sndiri di gogle ğŸ˜“,1
"barang nya berfungsi dengan baik, pokoknya udah oke bgt barang  nya dan real pic tapi sayang pengiriman nya lama ğŸ˜­",1
"Pengiriman Cepat Dan Pengemasan Barang Juga Aman,Yang Terpenting Barang Berfungsi Sangat Baik,Thanks......",1
baru smpet kasih ulasan krn brg baru di pake.alhmdulillah berjalan dg baik...brg mulus.goodjob.thanks,1
"bloothot nya bisa konek, sangat kecewa",0
mantab berfungsi dengan baik,1
"barang sudah sampai. kondisi bagus, sesuai dengan deskripsi. terimakasih..",1
Barang sesuai lancarrr jayaa ğŸ‘ğŸ‘ğŸ‘,1
mantap. barang sdh sampai. semoga awet.. ,1
"printer ok,  kertas cuma dpt 1rol, tidak sesuai jadi kecewa",0
makasih barang nya bagus buanget...mulus buanget n lancar tanpa ad kerusakan sedikitpun makasih lazada,1
peking rapi aman.pengiriman cepat dan yg terpenting mesin berpungsi sudah di pakai buat jualan bosku......mantul......pake banget.....,1
"bagus berpungsi dengan baik udah d coba , pokonya  produk mantuuuuÃ¹uuuul penjual ny juga respon baget , kurir nya ramah banget sopan lagi",1
"barang bagus semua berfungsi dgn baik.mudah2an awet dipakaix,pengiriman cepat packingan rapihhhhh tooppp dech...",1
Barang nya bagus mudah di gunakan,1
bagus ternyataaa :* maaf bru ngasi ulasannnn,1
"kecewa ngk ada bonus kertasnya, buat yg mau beli jangan tertipu Sm gambar bonusnya karna ngk ada bonus kertasnya ğŸ˜",0
barang sudah diterima...alhamdulillah berfungsi dgn baik...paking rapi...,1
Berfungsi dg baik,1
"pesanannya sdh sampe, pengirimanya cepat… mantap ğŸ˜ğŸ‘ğŸ‘",1
Alhamdulillah barangnya bagus dan sesuai gambar udh saya pake juga ,1
bagus sesuai gambar makasih semoga bermanfaat ğŸ™,1
alhamdulillah sangat bagus dan berfungsi tanpa ada kerusakan terima kasih ,1
"Biarkan bintang yg berbicara, barang sesuai deskripsi, berfungsi dgn baik, recommended seller lah pokoknya,,,,.",1
"Walaupun agak lama sampainya, wajar sih ya dri cina, jd hrus lewat cukai dll. Tp overall keren, puas bener dah, laptop jd ngebut lg, ga santai wkwk trims lazada dan seller. ",1
"Barang work, bagus, sesuai acpektasi dan gambar, thnx buat yg jualan, abis ini mau beli RAM DDR3 nya ",1
"Barang Bagus Banget, Semoga Sukses selaluğŸ‘",1
"barang telah diterima dalam keadaan baik, respon penjual baik, kurir ramah, produk langsung di pasang dan bagus bgt. recommended terimakasih lazada dan Intelligent Elektronics store",1
Terima kasih Lazada. Barang yg sampai sesuai pesanan. Sudah dicoba dan terbaca sesuai yang diharapkan. Mantap!!!,1
Barang cepat sampai. Walaupun skrg minggu barang tetap dikirim. Mantul.. barangnya terbaca. Terima kasih. Rekomendasi,1
"paketan sesuai dengan orderan,packing nya juga rapih..langsung di coba dan ternyata RAM nya bisa kebaca,alhamdulillah puas",1
berfungsi dengan baik,1
paking bagus . barang okeee tokcerr,1
berfungsi dengan baik,1
barang bagus sesuai deskripsu,1
"Rapih dan berfungsi dngan baik,walau agak lama",1
barang fungsi semua,1
barang sangat bagus dan memuaskan,1
"Good packing, barang berfungsi baik, thanks..",1
"barang sesuai dan pas dipasang aman... sayangnya bukan stokntoko ya , jadi nunggu agak lama",1
Barang bagus,1
"Chat dgn Penjual fast response. Packing sangat aman dgn kardus. Dan yg paling penting, Produk amat sangat baik. Saya sdh coba pasang RAM-nya, speed Laptop (Lenovo IP 320) langsung gaspol buat kerja desain. Bravo!",1
"Barang murah, ketika paket tiba packing nya pun rapih, pas d coba langsung d laptop nya pun, alhasil 100% work tak ada kendala sedikit pun, laptop makin lancar jaya dr sebelum nya lag, gegara disk dan ram nya kepake banyak. Hope bisa awet lama hehehe",1
"nice worth it, harga murah, pengiriman cepat, 1 minggu lebih cepat dari perkiraan lazada, nicee nicee nicee ",1
produk original.... terimakasih a data semoga awet....,1
"respon cepat, barang bagus. recomended seller",1
Mantap,1
berfungsi dengan baik... pengiriman jg cepat.. trimakasih,1
mantap ram berfungsi dengan baik,1
"Mantap, pengirimannya cepat, packingnya rapih bgt dan barangnya sesuai dengan ekspektasi! ",1
sesuai pesanan,1
mantap cepat sampai,1
bagus banget barangnya gan,1
kecewa sama ini barang rusak parah pas dateng kerumah,0
kacau pas dateng pada copotan gini,0
bagus banget packingan juga rapih,1
keren coyyy,1
"cepat sampai mantap banget pelayanannya, nanti beli lagi disini ah semoga awet",1
awet awet dah ini barang bagus soalnya,1
murah dan bagus,1
udah mahal jelek pula ini barangnya,0
elegan banget kalo dipake wkwkwk,1
barangnya cepat sampai dan bagus,1
luarannya halus banget jadi keliatan elegan dan keren,1
"manfaatin diskon jadi lebih hemat, eh ternyata barangnya bagus dong",1
"rugi banget beli ini barang, mana mahal banget pula",0
boros batre woii,0
"packingnya gimana sih ini, kok dateng2 berantakan? Jadi jelek pula",0
"kesel amat sama pelayanan tokonya, bikin marah doang!",0
lama banget sampenya,0
"rugi banget beli di toko ini, mending toko sebelah",0
"paket sdh sampai realpic dan bekerja sangat baik, dan free nya juga sangat lucu, trmksh seller dan lazada sukses sellu.",1
terimakasih lazada barang bagus sesuai pesanan pas di coba bisa mantap lah semoga awet aja nih banrang,1
Tuk seller mkasih banyak atas responnya yg bgitu cepat ngirimnya...barangnya mantul banget dapat dipungsikan dgan baik hingga data dpt digunakan kembali juga pengirimannya cepet banget dibawah waktu estimas...lazada thanks n sukses slaluaaamiini,1
"Toko dengan harga termurah, dann masih dapet bonus usb otg. Mantaplah, barang berfungsi dengan baik. Sayangnya pengiriman ke Balikpapan lama banget sampe 6 hari, yg biasanya cuman 3 hari. Okelah itu bukan kekurangan toko, tp masalah dipihak ekspedisi. Tp maklum juga, mungkin efek corona",1
kereeeeennn.... barang ok sesuai gambar dan berfungsi dgn baik yg paling mengesankan barang cepat banget nyampeğŸ‘,1
"paket telah diterima, packing rapih, aman, dan semuanya berfungsi dengan baik. Good job lah buat lazada, seller, dan kurir.",1
"allhamdulillah kalau untuk barang, sangat pas, sangat mantab, dan 100 lah poinn untuk barangnya, semua work.. cuma sya mau kasih satu komplain sja dan sya tidak tahu itu kesalahannya dimana tapi barang sampai dtempat saya dlam kondisi basah kuyub, kabel data basah, tempat hard disk basah, kotak dan buku panduan basah jadinya remuk kotaknya dan buku panduannya.. entah kenapa bisa basah bgtu sya tdk tahu kesalahannya dimna.. saya harap hal itu tdk terjadi lagi kedepannya.. dan untungnya sya coba work sih, cma khwatir saja karatan dan tidak bertahan lama.. jadi maaf bintang sya kasih tdk full. agar dperhatikan ..",1
barang sudah diterima dengan baik...pengiriman cukup cepat...ajib deh buat barangnya berpungsi dengan baik..tidak kecewa brlanja di lazada,1
"berjalan normal. pengiriman sangat cepat hanya 2 hari ğŸ‘ cs cepat tanggap. recommended seller, juara ğŸ‘ğŸ‘",1
barangnya bagus dan berfungsi dengan baik,1
"pengiriman tepat waktu, packing rapih, barang berfungsi dengan baik+bonus",1
pesanan sudah sampai. packing rapi. belum di tes dan semoga berfungsi.  tapi kenapa bonusnya ga ada ya? padahal saya beli disini krna ada bonusnya,1
"Barang sampai dengan selamat, diprosesnya juga cepat. barang dipacking rapih dgn bubblewrap. recommended",1
"Alatnya berfungsi normal, sesuai gambar, hanya hati-hati kalau terjatuh, lebih baik pakai pelindung/tas hardisk lagi.",1
"Ini orderan kedua di seller ini,  barangnya sangat bermanfaat buat yg membutuhkan bagus terimakasih juga bonusnya",1
mang terbaik ini toko udh cepet pacing nya super rapih mantap,1
Bagus sekali barangnya. Terima kasih kirimannya cepat sekali,1
Mantap bos ku pesanan datang cepat,1
"semoga awet, barang bagus berkualitas",1
"paket sudah diterima, pack rapi, bagus barangngnya",1
bagus. barang utuh gk ada kurang. the best lah,1
mantap sesuai dan wow aja deh ,1
"Barang bagus, pengiriman cepat, packing rapi. Recomend banget dah. Pasti puas",1
Mantap puassssss,1
barang mendarat dengan selamat packing oke mudah mudahan bisa di gunakan,1
barang sampai dengan selamat. pengiriman cepat. sesuai deskripsi,1
keren packingnya aman pisaaan gaan.. kurirnya ajiib ramah n keren..thx lazada,1
barang sampai nya cepat bgt.. barang di packing rapih,1
"oke la mantap, walaupun otg nya tdk sesuai gmbar",1
"Pengiriman cepat, barang ok, dikasih bonus lagi otg, makasih banyak",1
Barang mantap gan.,1
"Mantap...sesuai gambar, tanpa cacat... Sangat rekomend.",1
Sangat bagus kali barangnya. Paten kali ah,1
Bagus qualitynya lumayan untuk harga segitu,1
"mantap, packing rapih, pengiriman cuma 2 hari, mantap! ğŸ‘",1
"Sangat Puas sekali, berjalan normal! (y)",1
Barang sudah sampai dgn selamat...barang mantap originalğŸ‘,1
mantap barang bagus,1
"barang bagus, mantap",1
"barang sipp ,berfungsi dengan baik.....Terimakasih...",1
terima kasih belum di coba tapi tidak lecek smoga berfungsi,1
"murah, cepet, apalagi yg pas?",1
"Prlayanan dan response super cepat dan barang sesuai yg dipesan, berfungsi dg baik",1
"pengiriman ny agak lama, barang ny bagus",1
bagus dan berfungsi dengan baik,1
"produknya bagus, yang dijual memang barang bagus, tapi sayang pengirimannya kurang bagus",1
semoga barangnya bagus belum bs sy terima karna masih di luar kota ,1
kualitas cukup bagus dgn harga yg murah jadi irit,1
Overall keren dan berfunsi deangan baik,1
"mantab,,,barang bagus,,sesuai ama kebutuhan,,",1
"bagus, kebaca, sesuai deskripsi",1
pengiriman cepat dan dikemas dengan sangat baik krn diberi spon. tks,1
"bungkus rapi, berfungsi dengan baik, dan ada bonusnya. . good job",1
"Barang Bagus banget, gk nyesel beli disini",1
mantap... semoga awet...,1
barang bagus. bisa langsung digunakan.,1
Barang berfungsi baik dan pengiriman cepat,1
sangat bagus barang sesuai pesanan dan berfungsi baik,1
makasih banyak berfungsi dengan baik,1
Kualitas bagus. Recomended,1
mantap Brang bagus ,1
"mantapp, moga awet, pengiriman cepet",1
Barang sesuai seperti apa yang ada atau tampak di foto,1
"barang sudah sampai ,pengiriman cepat ,bonusnya oke terimakasih",1
"barang sudah diterima, pengiriman cepat, packing rapi, recomended.. thx lazada",1
"Recomended, barang sesuai dgn yg diharapkan. Pemasangan mudah. Tinggal plug in saja.",1
"Pengiriman cepat, packing aman bubble wrap, kurir ramah dan sopan, mantap..",1
"mantap, berfungsi walaupun telat 1 hari dari tgl tpi gpp",1
"barang cepat sampai, packing bagus",1
barang sampai ditempat.. dengan aman.. packing oke.. sip pokoke,1
"sesuai pesanan, terimakasih.",1
"berfungsi dengan baik, praktis dan bonusnya bermanfaat",1
"sesuai dengan tgl yg di tentukan, berfungsi dengan baik.",1
"mantap gan, berfungsi dengan baik , warna usb biru. ada bonus otg. ",1
